,RID,SITEID,VISCODE,VISCODE2,Phase,PTID,TYPE,VISIT,MAGSTRENGTH,SEQUENCE,SCANDATE,STUDYID,SERIESID,IMAGEUID,DIAGNOSIS,DX_bl,AGE,PTGENDER
0,2245,20,init,m72,ADNI3,027_S_2245,Original,ADNI3 Initial Visit-Cont Pt,3.0,Accelerated Sagittal IR-FSPGR,2017-02-01,107645,532708,814950,2.0,EMCI,62.9822,Female
1,4214,27,init,m66,ADNI3,037_S_4214,Original,ADNI3 Initial Visit-Cont Pt,3.0,Accelerated Sagittal MPRAGE,2017-02-13,107997,535775,818409,1.0,LMCI,79.56619,Male
2,4302,27,init,m60,ADNI3,037_S_4302,Original,ADNI3 Initial Visit-Cont Pt,3.0,Accelerated Sagittal MPRAGE,2017-01-25,107378,530412,812263,2.0,LMCI,81.28823,Male
3,4919,20,init,m48,ADNI3,027_S_4919,Original,ADNI3 Initial Visit-Cont Pt,3.0,Accelerated Sagittal IR-FSPGR,2017-01-31,107536,532154,814318,2.0,EMCI,79.00807999999999,Female
4,4951,12,init,m48,ADNI3,016_S_4951,Original,ADNI3 Initial Visit-Cont Pt,3.0,Accelerated Sagittal MPRAGE,2017-02-14,108227,537530,820302,1.0,CN,76.13819000000001,Female
5,4952,12,init,m48,ADNI3,016_S_4952,Original,ADNI3 Initial Visit-Cont Pt,3.0,Accelerated Sagittal MPRAGE,2017-02-14,108228,537542,820315,1.0,CN,73.53819,Female
6,6001,20,sc,sc,ADNI3,027_S_6001,Original,ADNI Screening,3.0,Accelerated Sagittal IR-FSPGR,2017-01-11,107097,527288,808819,1.0,SMC,72.0,Female
7,6002,20,sc,sc,ADNI3,027_S_6002,Original,ADNI Screening,3.0,Accelerated Sagittal IR-FSPGR,2017-01-23,107409,530934,812923,2.0,LMCI,71.7,Male
8,4410,27,init,m60,ADNI3,037_S_4410,Original,ADNI3 Initial Visit-Cont Pt,3.0,Accelerated Sagittal MPRAGE,2017-03-01,108678,541616,824980,1.0,CN,74.23347,Female
9,4071,27,init,m66,ADNI3,037_S_4071,Original,ADNI3 Initial Visit-Cont Pt,3.0,Accelerated Sagittal MPRAGE,2017-03-27,109573,549749,833978,2.0,CN,90.19199,Male
10,120,20,init,m132,ADNI3,027_S_0120,Original,ADNI3 Initial Visit-Cont Pt,3.0,Accelerated Sagittal IR-FSPGR,2017-04-13,110081,554168,838961,1.0,CN,83.1129,Male
11,377,27,init,m132,ADNI3,037_S_0377,Original,ADNI3 Initial Visit-Cont Pt,3.0,Accelerated Sagittal MPRAGE,2017-04-07,132751,785905,1117314,2.0,LMCI,90.0598,Male
12,6008,55,sc,sc,ADNI3,141_S_6008,Original,ADNI Screening,3.0,Accelerated Sagittal MPRAGE,2017-04-12,110130,554628,839474,1.0,CN,63.1,Female
13,2219,20,init,m72,ADNI3,027_S_2219,Original,ADNI3 Initial Visit-Cont Pt,3.0,Accelerated Sagittal IR-FSPGR,2017-04-19,110210,555568,840546,2.0,EMCI,80.39719,Male
14,4817,50,init,m60,ADNI3,130_S_4817,Original,ADNI3 Initial Visit-Cont Pt,3.0,Sagittal 3D Accelerated MPRAGE,2017-04-21,110363,556877,841950,2.0,LMCI,65.45291,Male
15,767,55,init,m126,ADNI3,141_S_0767,Original,ADNI3 Initial Visit-Cont Pt,3.0,Accelerated Sagittal MPRAGE,2017-04-29,110722,560090,845577,1.0,CN,83.5708,Female
16,303,27,init,m132,ADNI3,037_S_0303,Original,ADNI3 Initial Visit-Cont Pt,3.0,Accelerated Sagittal MPRAGE,2017-05-11,111161,563375,850396,1.0,CN,95.14320000000001,Male
17,4869,20,init,m54,ADNI3,027_S_4869,Original,ADNI3 Initial Visit-Cont Pt,3.0,Accelerated Sagittal IR-FSPGR,2017-05-03,110960,561532,847364,2.0,LMCI,81.5614,Male
18,6015,55,sc,sc,ADNI3,141_S_6015,Original,ADNI Screening,3.0,Accelerated Sagittal MPRAGE_ND,2017-05-11,111227,564150,851353,1.0,SMC,68.3,Male
19,1122,2,init,m126,ADNI3,003_S_1122,Original,ADNI3 Initial Visit-Cont Pt,3.0,Accelerated Sagittal MPRAGE,2017-05-18,111450,566115,853501,2.0,LMCI,86.9463,Female
20,6017,59,sc,sc,ADNI3,941_S_6017,Original,ADNI Screening,3.0,Accelerated Sagittal MPRAGE,2017-05-17,111355,565427,852748,2.0,LMCI,76.6,Male
21,5093,20,init,m48,ADNI3,027_S_5093,Original,ADNI3 Initial Visit-Cont Pt,3.0,Accelerated Sagittal IR-FSPGR,2017-04-28,110728,560157,845672,1.0,SMC,73.29451999999999,Female
22,5132,47,init,m48,ADNI3,127_S_5132,Original,ADNI3 Initial Visit-Cont Pt,3.0,Accelerated Sagittal IR-FSPGR,2017-05-18,111507,566389,853839,1.0,SMC,73.33012,Female
23,4343,50,init,m66,ADNI3,130_S_4343,Original,ADNI3 Initial Visit-Cont Pt,3.0,Sagittal 3D Accelerated MPRAGE,2017-05-09,111106,563006,849455,1.0,CN,85.04011,Male
24,6019,50,sc,sc,ADNI3,130_S_6019,Original,ADNI Screening,3.0,Sagittal 3D Accelerated MPRAGE,2017-05-24,111614,567412,854993,1.0,SMC,81.7,Male
25,1052,55,init,m126,ADNI3,141_S_1052,Original,ADNI3 Initial Visit-Cont Pt,3.0,Accelerated Sagittal MPRAGE_ND,2017-04-19,110417,557388,842513,2.0,LMCI,79.3272,Female
26,1378,55,init,m120,ADNI3,141_S_1378,Original,ADNI3 Initial Visit-Cont Pt,3.0,Accelerated Sagittal MPRAGE,2017-06-03,111931,570211,858504,2.0,LMCI,71.8424,Female
27,4187,59,init,m72,ADNI3,941_S_4187,Original,ADNI3 Initial Visit-Cont Pt,3.0,Accelerated Sagittal MPRAGE,2017-06-05,111968,570532,858854,1.0,LMCI,67.7796,Male
28,4489,52,init,m66,ADNI3,135_S_4489,Original,ADNI3 Initial Visit-Cont Pt,3.0,Accelerated Sag IR-FSPGR,2017-06-06,111985,570652,858986,2.0,LMCI,79.50869,Male
29,4765,47,init,m60,ADNI3,127_S_4765,Original,ADNI3 Initial Visit-Cont Pt,3.0,Accelerated Sagittal IR-FSPGR,2017-06-06,112016,570869,859212,3.0,EMCI,80.95003,Male
30,4767,33,init,m60,ADNI3,067_S_4767,Original,ADNI3 Initial Visit-Cont Pt,3.0,Accelerated Sagittal MPRAGE,2017-06-05,111937,570233,858531,1.0,LMCI,71.37194000000001,Female
31,969,50,init,m126,ADNI3,130_S_0969,Original,ADNI3 Initial Visit-Cont Pt,3.0,Sagittal 3D Accelerated MPRAGE,2017-05-22,111585,567056,854598,1.0,CN,80.5489,Male
32,5175,50,init,m48,ADNI3,130_S_5175,Original,ADNI3 Initial Visit-Cont Pt,3.0,Sagittal 3D Accelerated MPRAGE,2017-06-08,112136,572134,860733,1.0,SMC,83.50274,Female
33,5193,59,init,m48,ADNI3,941_S_5193,Original,ADNI3 Initial Visit-Cont Pt,3.0,Accelerated Sagittal MPRAGE,2017-06-09,112154,572330,860955,1.0,SMC,76.49452,Female
34,4446,52,init,m66,ADNI3,135_S_4446,Original,ADNI3 Initial Visit-Cont Pt,3.0,Accelerated Sag IR-FSPGR,2017-06-13,112191,572621,861323,2.0,CN,73.78535000000001,Female
35,6032,27,sc,sc,ADNI3,037_S_6032,Original,ADNI Screening,3.0,Accelerated Sagittal MPRAGE,2017-06-15,112244,573068,861838,1.0,SMC,66.3,Female
36,4722,52,init,m60,ADNI3,135_S_4722,Original,ADNI3 Initial Visit-Cont Pt,3.0,Accelerated Sag IR-FSPGR,2017-06-22,112345,574106,863101,2.0,LMCI,73.04312,Female
37,4723,52,init,m60,ADNI3,135_S_4723,Original,ADNI3 Initial Visit-Cont Pt,3.0,Accelerated Sag IR-FSPGR,2017-06-21,112319,573873,862838,2.0,LMCI,74.44038,Female
38,4644,2,init,m60,ADNI3,003_S_4644,Original,ADNI3 Initial Visit-Cont Pt,3.0,Accelerated Sagittal MPRAGE,2017-06-21,112357,574253,863251,1.0,CN,72.70335,Female
39,2373,50,init,m72,ADNI3,130_S_2373,Original,ADNI3 Initial Visit-Cont Pt,3.0,Sagittal 3D Accelerated MPRAGE,2017-06-29,112670,579335,869454,3.0,EMCI,85.13005,Female
40,6031,27,sc,sc,ADNI3,037_S_6031,Original,ADNI Screening,3.0,Accelerated Sagittal MPRAGE,2017-07-03,112717,579834,870102,1.0,SMC,67.2,Female
41,5083,20,init,m48,ADNI3,027_S_5083,Original,ADNI3 Initial Visit-Cont Pt,3.0,Accelerated Sagittal IR-FSPGR,2017-06-29,112667,579273,869390,1.0,SMC,77.67262000000001,Male
42,6034,20,sc,sc,ADNI3,027_S_6034,Original,ADNI Screening,3.0,Accelerated Sagittal IR-FSPGR,2017-07-06,112862,581517,872012,2.0,EMCI,63.9,Female
43,6041,55,sc,sc,ADNI3,141_S_6041,Original,ADNI Screening,3.0,Accelerated Sagittal MPRAGE,2017-07-06,112848,581376,871844,2.0,EMCI,57.7,Female
44,5113,52,init,m48,ADNI3,135_S_5113,Original,ADNI3 Initial Visit-Cont Pt,3.0,Accelerated Sag IR-FSPGR,2017-07-05,112799,580642,870994,1.0,SMC,69.32177,Male
45,4160,55,init,m66,ADNI3,141_S_4160,Original,ADNI3 Initial Visit-Cont Pt,3.0,Accelerated Sagittal MPRAGE,2017-07-10,112944,582356,872948,2.0,EMCI,79.80020999999999,Male
46,4332,58,init,m66,ADNI3,068_S_4332,Original,ADNI3 Initial Visit-Cont Pt,3.0,Accelerated Sagittal MPRAGE,2017-07-11,113055,583600,874427,1.0,EMCI,74.60164,Male
47,6045,33,sc,sc,ADNI3,067_S_6045,Original,ADNI Screening,3.0,Accelerated Sagittal MPRAGE,2017-07-13,113046,583463,874273,1.0,CN,71.6,Female
48,6044,59,sc,sc,ADNI3,941_S_6044,Original,ADNI Screening,3.0,Accelerated Sagittal MPRAGE,2017-07-17,113080,583944,874865,1.0,SMC,75.0,Female
49,6051,58,sc,sc,ADNI3,168_S_6051,Original,ADNI Screening,3.0,Accelerated Sagittal MPRAGE,2017-07-13,113082,583955,874879,1.0,SMC,66.3,Female
50,6037,50,sc,sc,ADNI3,130_S_6037,Original,ADNI Screening,3.0,Sagittal 3D Accelerated MPRAGE,2017-07-11,112966,582515,873168,1.0,SMC,67.0,Male
51,6046,27,sc,sc,ADNI3,037_S_6046,Original,ADNI Screening,3.0,Accelerated Sagittal MPRAGE,2017-07-17,113078,583899,874809,1.0,SMC,76.0,Male
52,6052,59,sc,sc,ADNI3,941_S_6052,Original,ADNI Screening,3.0,Accelerated Sagittal MPRAGE,2017-07-20,113211,585807,876884,2.0,LMCI,88.1,Female
53,4037,28,init,m72,ADNI3,041_S_4037,Original,ADNI3 Initial Visit-Cont Pt,3.0,Accelerated Sagittal MPRAGE,2017-07-13,113011,583110,873879,1.0,CN,81.70541,Male
54,5118,20,init,m54,ADNI3,027_S_5118,Original,ADNI3 Initial Visit-Cont Pt,3.0,Accelerated Sagittal IR-FSPGR,2017-07-18,113164,584793,875807,1.0,SMC,72.49021,Female
55,679,28,init,m132,ADNI3,041_S_0679,Original,ADNI3 Initial Visit-Cont Pt,3.0,Accelerated Sagittal MPRAGE,2017-07-05,112942,582322,872903,1.0,LMCI,73.7665,Male
56,4051,28,init,m72,ADNI3,041_S_4051,Original,ADNI3 Initial Visit-Cont Pt,3.0,Accelerated Sagittal MPRAGE,2017-07-05,112941,582307,872883,1.0,EMCI,76.50554,Male
57,4143,28,init,m72,ADNI3,041_S_4143,Original,ADNI3 Initial Visit-Cont Pt,3.0,Accelerated Sagittal MPRAGE,2017-07-27,113477,588270,879757,3.0,EMCI,69.46721,Female
58,4598,52,init,m66,ADNI3,135_S_4598,Original,ADNI3 Initial Visit-Cont Pt,3.0,Accelerated Sag IR-FSPGR,2017-07-24,113342,586985,878250,1.0,CN,70.38953,Female
59,4876,28,init,m60,ADNI3,041_S_4876,Original,ADNI3 Initial Visit-Cont Pt,3.0,Accelerated Sagittal MPRAGE,2017-07-05,112943,582337,872923,2.0,EMCI,79.05421,Male
60,6047,50,sc,sc,ADNI3,130_S_6047,Original,ADNI Screening,3.0,Sagittal 3D Accelerated MPRAGE,2017-07-27,113538,588960,880592,2.0,EMCI,71.1,Female
61,6054,59,sc,sc,ADNI3,941_S_6054,Original,ADNI Screening,3.0,Accelerated Sagittal MPRAGE,2017-07-28,113540,589004,880643,1.0,CN,78.6,Female
62,5169,20,init,m48,ADNI3,027_S_5169,Original,ADNI3 Initial Visit-Cont Pt,3.0,Accelerated Sagittal IR-FSPGR,2017-08-01,113643,590024,881755,1.0,SMC,69.68905000000001,Female
63,5079,20,init,m48,ADNI3,027_S_5079,Original,ADNI3 Initial Visit-Cont Pt,3.0,Accelerated Sagittal IR-FSPGR,2017-08-02,113723,590808,882801,1.0,SMC,77.36153,Male
64,5109,20,init,m48,ADNI3,027_S_5109,Original,ADNI3 Initial Visit-Cont Pt,3.0,Accelerated Sagittal IR-FSPGR,2017-08-03,113738,590979,882978,1.0,SMC,82.41095,Male
65,5170,20,init,m48,ADNI3,027_S_5170,Original,ADNI3 Initial Visit-Cont Pt,3.0,Accelerated Sagittal IR-FSPGR,2017-08-04,113722,590794,882783,1.0,SMC,80.96297000000001,Male
66,6043,50,sc,sc,ADNI3,130_S_6043,Original,ADNI Screening,3.0,Sagittal 3D Accelerated MPRAGE,2017-07-06,112853,581424,871899,1.0,SMC,78.8,Male
67,6058,59,sc,sc,ADNI3,941_S_6058,Original,ADNI Screening,3.0,Accelerated Sagittal MPRAGE,2017-08-09,113966,592771,884964,1.0,SMC,68.3,Female
68,2301,33,init,m78,ADNI3,067_S_2301,Original,ADNI3 Initial Visit-Cont Pt,3.0,Accelerated Sagittal MPRAGE,2017-08-11,114091,593990,886394,1.0,EMCI,72.13669,Male
69,6061,55,sc,sc,ADNI3,141_S_6061,Original,ADNI Screening,3.0,Accelerated Sagittal MPRAGE,2017-08-13,114208,595332,887923,1.0,SMC,74.0,Female
70,5200,47,init,m48,ADNI3,127_S_5200,Original,ADNI3 Initial Visit-Cont Pt,3.0,Accelerated Sagittal IR-FSPGR,2017-07-07,112857,581458,871945,1.0,SMC,80.36441,Female
71,802,58,init,m132,ADNI3,068_S_0802,Original,ADNI3 Initial Visit-Cont Pt,3.0,Accelerated Sagittal MPRAGE,2017-07-25,113417,587654,878974,2.0,LMCI,91.709,Female
72,2187,58,init,m78,ADNI3,068_S_2187,Original,ADNI3 Initial Visit-Cont Pt,3.0,Accelerated Sagittal MPRAGE,2017-08-02,114387,598982,892784,2.0,EMCI,64.33929,Female
73,4292,59,init,m66,ADNI3,941_S_4292,Original,ADNI3 Initial Visit-Cont Pt,3.0,Accelerated Sagittal MPRAGE,2017-08-21,114473,599669,893552,1.0,CN,76.53997000000001,Male
74,6068,59,sc,sc,ADNI3,941_S_6068,Original,ADNI Screening,3.0,Accelerated Sagittal MPRAGE,2017-08-21,114415,599230,893045,2.0,LMCI,75.7,Male
75,4365,59,init,m66,ADNI3,941_S_4365,Original,ADNI3 Initial Visit-Cont Pt,3.0,Accelerated Sagittal MPRAGE,2017-08-28,114689,602446,896821,2.0,CN,85.94545,Male
76,4782,33,init,m60,ADNI3,067_S_4782,Original,ADNI3 Initial Visit-Cont Pt,3.0,Accelerated Sagittal MPRAGE,2017-08-29,114797,603936,898538,2.0,LMCI,76.97871,Male
77,4072,33,init,m72,ADNI3,067_S_4072,Original,ADNI3 Initial Visit-Cont Pt,3.0,Accelerated Sagittal MPRAGE,2017-08-25,114611,601619,895924,1.0,EMCI,68.4191,Female
78,6072,50,sc,sc,ADNI3,130_S_6072,Original,ADNI Screening,3.0,Sagittal 3D Accelerated MPRAGE,2017-08-25,114587,601331,895579,3.0,AD,89.2,Female
79,5185,47,init,m48,ADNI3,127_S_5185,Original,ADNI3 Initial Visit-Cont Pt,3.0,Accelerated Sagittal IR-FSPGR,2017-08-17,114303,597400,890738,1.0,SMC,74.08617000000001,Female
80,150,27,init,m138,ADNI3,037_S_0150,Original,ADNI3 Initial Visit-Cont Pt,3.0,Accelerated Sagittal MPRAGE,2017-09-05,132750,785895,1117301,3.0,LMCI,85.39620000000001,Male
81,454,27,init,m132,ADNI3,037_S_0454,Original,ADNI3 Initial Visit-Cont Pt,3.0,Accelerated Sagittal MPRAGE,2017-09-06,115023,606076,900932,2.0,CN,93.0307,Female
82,4030,27,init,m78,ADNI3,037_S_4030,Original,ADNI3 Initial Visit-Cont Pt,3.0,Accelerated Sagittal MPRAGE,2017-09-08,115083,606708,901705,3.0,LMCI,74.59158,Female
83,4308,27,init,m66,ADNI3,037_S_4308,Original,ADNI3 Initial Visit-Cont Pt,3.0,Accelerated Sagittal MPRAGE,2017-08-24,114541,600442,894404,1.0,CN,79.46201,Male
84,1418,28,init,m120,ADNI3,041_S_1418,Original,ADNI3 Initial Visit-Cont Pt,3.0,Accelerated Sagittal MPRAGE,2017-08-04,113703,590611,882537,2.0,LMCI,91.42745,Male
85,4874,28,init,m60,ADNI3,041_S_4874,Original,ADNI3 Initial Visit-Cont Pt,3.0,Accelerated Sagittal MPRAGE,2017-08-04,113910,592315,884453,1.0,EMCI,62.63635,Female
86,5078,28,init,m54,ADNI3,041_S_5078,Original,ADNI3 Initial Visit-Cont Pt,3.0,Accelerated Sagittal MPRAGE,2017-08-02,113704,590625,882554,1.0,SMC,71.81615000000001,Female
87,5100,28,init,m54,ADNI3,041_S_5100,Original,ADNI3 Initial Visit-Cont Pt,3.0,Accelerated Sagittal MPRAGE,2017-07-31,113641,590003,881729,1.0,SMC,75.49295000000001,Male
88,5141,28,init,m48,ADNI3,041_S_5141,Original,ADNI3 Initial Visit-Cont Pt,3.0,Accelerated Sagittal MPRAGE,2017-08-18,114474,599684,893570,1.0,SMC,80.84511,Male
89,127,58,init,m138,ADNI3,068_S_0127,Original,ADNI3 Initial Visit-Cont Pt,3.0,Accelerated Sagittal MPRAGE,2017-09-20,115555,612564,908698,2.0,CN,82.09349999999999,Male
90,4356,52,init,m72,ADNI3,135_S_4356,Original,ADNI3 Initial Visit-Cont Pt,3.0,Accelerated Sag IR-FSPGR,2017-09-27,115833,614655,911048,2.0,EMCI,73.90697999999999,Male
91,6075,55,sc,sc,ADNI3,141_S_6075,Original,ADNI Screening,3.0,Accelerated Sagittal MPRAGE_ND,2017-09-26,115878,615109,911540,2.0,LMCI,75.4,Male
92,6067,2,sc,sc,ADNI3,003_S_6067,Original,ADNI Screening,3.0,Accelerated Sagittal MPRAGE,2017-08-18,115966,615856,912447,1.0,CN,63.1,Female
93,6080,59,sc,sc,ADNI3,941_S_6080,Original,ADNI Screening,3.0,Accelerated Sagittal MPRAGE,2017-09-29,116034,616543,913233,1.0,SMC,76.8,Female
94,4061,58,init,m78,ADNI3,068_S_4061,Original,ADNI3 Initial Visit-Cont Pt,3.0,Accelerated Sagittal MPRAGE,2017-09-26,116049,616720,913435,1.0,LMCI,70.36694,Female
95,4431,58,init,m66,ADNI3,068_S_4431,Original,ADNI3 Initial Visit-Cont Pt,3.0,Accelerated Sagittal MPRAGE,2017-09-25,116051,616736,913456,2.0,EMCI,79.67152999999999,Male
96,6059,58,sc,sc,ADNI3,168_S_6059,Original,ADNI Screening,3.0,Accelerated Sagittal MPRAGE,2017-08-14,114384,598963,892759,1.0,SMC,64.9,Female
97,6062,58,sc,sc,ADNI3,168_S_6062,Original,ADNI Screening,3.0,Accelerated Sagittal MPRAGE,2017-08-17,114385,598972,892771,1.0,SMC,67.4,Female
98,4414,25,init,m66,ADNI3,035_S_4414,Original,ADNI3 Initial Visit-Cont Pt,3.0,Accelerated Sagittal MPRAGE,2017-10-04,116192,618073,915041,3.0,LMCI,66.29487,Female
99,4271,28,init,m72,ADNI3,041_S_4271,Original,ADNI3 Initial Visit-Cont Pt,3.0,Accelerated Sagittal MPRAGE,2017-09-29,116044,616694,913403,2.0,EMCI,67.72745,Male
100,4510,28,init,m66,ADNI3,041_S_4510,Original,ADNI3 Initial Visit-Cont Pt,3.0,Accelerated Sagittal MPRAGE,2017-10-03,116118,617367,914178,2.0,LMCI,71.98795000000001,Female
101,4974,28,init,m60,ADNI3,041_S_4974,Original,ADNI3 Initial Visit-Cont Pt,3.0,Accelerated Sagittal MPRAGE,2017-10-05,116201,618134,915134,3.0,EMCI,78.19945000000001,Male
102,6035,50,sc,sc,ADNI3,130_S_6035,Original,ADNI Screening,3.0,Sagittal 3D Accelerated MPRAGE,2017-10-02,116120,617391,914208,1.0,SMC,83.9,Male
103,6064,58,sc,sc,ADNI3,168_S_6064,Original,ADNI Screening,3.0,Accelerated Sagittal MPRAGE,2017-08-24,114840,604347,899030,1.0,SMC,69.1,Female
104,6065,58,sc,sc,ADNI3,168_S_6065,Original,ADNI Screening,3.0,Accelerated Sagittal MPRAGE,2017-09-05,115010,605966,900796,1.0,SMC,71.2,Female
105,4427,28,init,m66,ADNI3,041_S_4427,Original,ADNI3 Initial Visit-Cont Pt,3.0,Accelerated Sagittal MPRAGE,2017-10-09,116279,618726,915902,1.0,CN,77.00294,Male
106,4148,47,init,m72,ADNI3,127_S_4148,Original,ADNI3 Initial Visit-Cont Pt,3.0,Accelerated Sagittal IR-FSPGR,2017-07-18,113197,585683,876746,1.0,CN,78.90828,Male
107,6049,58,sc,sc,ADNI3,168_S_6049,Original,ADNI Screening,3.0,Accelerated Sagittal MPRAGE,2017-10-11,116313,619050,916365,1.0,CN,72.9,Female
108,6083,27,sc,sc,ADNI3,037_S_6083,Original,ADNI Screening,3.0,Accelerated Sagittal MPRAGE,2017-10-10,116274,618662,915825,2.0,EMCI,72.1,Male
109,6085,58,sc,sc,ADNI3,168_S_6085,Original,ADNI Screening,3.0,Accelerated Sagittal MPRAGE,2017-10-03,116318,619077,916399,1.0,CN,55.8,Female
110,4417,50,init,m66,ADNI3,130_S_4417,Original,ADNI3 Initial Visit-Cont Pt,3.0,Sagittal 3D Accelerated MPRAGE,2017-08-11,147979,906488,1268404,2.0,EMCI,79.90034,Male
111,6027,50,sc,sc,ADNI3,130_S_6027,Original,ADNI Screening,3.0,Sagittal 3D Accelerated MPRAGE,2017-10-13,118294,638209,938632,1.0,SMC,75.6,Female
112,1427,47,init,m120,ADNI3,127_S_1427,Original,ADNI3 Initial Visit-Cont Pt,3.0,Accelerated Sagittal IR-FSPGR,2017-09-06,115027,606160,901027,3.0,LMCI,79.60679999999999,Female
113,2184,58,init,m84,ADNI3,068_S_2184,Original,ADNI3 Initial Visit-Cont Pt,3.0,Accelerated Sagittal MPRAGE,2017-10-19,116638,622387,920082,1.0,EMCI,87.25558000000001,Female
114,2315,58,init,m78,ADNI3,068_S_2315,Original,ADNI3 Initial Visit-Cont Pt,3.0,Accelerated Sagittal MPRAGE,2017-09-25,116048,616711,913423,1.0,EMCI,74.7024,Female
115,4706,27,init,m66,ADNI3,037_S_4706,Original,ADNI3 Initial Visit-Cont Pt,3.0,Accelerated Sagittal MPRAGE,2017-10-05,116172,617905,914845,2.0,EMCI,66.08809000000001,Male
116,4114,25,init,m72,ADNI3,035_S_4114,Original,ADNI3 Initial Visit-Cont Pt,3.0,Accelerated Sagittal MPRAGE,2017-09-22,116579,621795,919448,2.0,LMCI,61.13552,Female
117,5253,28,init,m48,ADNI3,041_S_5253,Original,ADNI3 Initial Visit-Cont Pt,3.0,Accelerated Sagittal MPRAGE,2017-10-19,116691,624628,922794,1.0,SMC,72.20403999999999,Male
118,156,25,init,m138,ADNI3,035_S_0156,Original,ADNI3 Initial Visit-Cont Pt,3.0,Accelerated Sagittal MPRAGE,2017-10-19,116890,624575,922723,2.0,CN,85.7331,Male
119,5266,47,init,m48,ADNI3,127_S_5266,Original,ADNI3 Initial Visit-Cont Pt,3.0,Accelerated Sagittal IR-FSPGR,2017-08-22,114482,599780,893677,1.0,SMC,69.88631000000001,Male
120,6094,59,sc,sc,ADNI3,941_S_6094,Original,ADNI Screening,3.0,Accelerated Sagittal MPRAGE,2017-10-23,116805,623901,921879,1.0,CN,69.6,Female
121,4340,58,init,m66,ADNI3,068_S_4340,Original,ADNI3 Initial Visit-Cont Pt,3.0,Accelerated Sagittal MPRAGE,2017-08-10,114383,598954,892747,1.0,CN,72.33176,Female
122,4424,58,init,m66,ADNI3,068_S_4424,Original,ADNI3 Initial Visit-Cont Pt,3.0,Accelerated Sagittal MPRAGE,2017-08-18,114382,598945,892735,1.0,CN,71.777,Female
123,4067,58,init,m72,ADNI3,068_S_4067,Original,ADNI3 Initial Visit-Cont Pt,3.0,Accelerated Sagittal MPRAGE,2017-08-16,114381,598936,892723,2.0,EMCI,71.09719,Male
124,4100,59,init,m72,ADNI3,941_S_4100,Original,ADNI3 Initial Visit-Cont Pt,3.0,Accelerated Sagittal MPRAGE,2017-10-27,116981,625499,923853,2.0,CN,84.69576,Female
125,4200,28,init,m72,ADNI3,041_S_4200,Original,ADNI3 Initial Visit-Cont Pt,3.0,Accelerated Sagittal MPRAGE,2017-10-26,116953,625178,923444,1.0,CN,76.20137,Female
126,6105,50,sc,sc,ADNI3,130_S_6105,Original,ADNI Screening,3.0,Sagittal 3D Accelerated MPRAGE,2017-10-31,117212,627832,926577,1.0,SMC,75.4,Female
127,2403,50,init,m66,ADNI3,130_S_2403,Original,ADNI3 Initial Visit-Cont Pt,3.0,Sagittal 3D Accelerated MPRAGE,2017-07-06,112852,581415,871887,3.0,EMCI,84.78925,Female
128,4405,50,init,m66,ADNI3,130_S_4405,Original,ADNI3 Initial Visit-Cont Pt,3.0,Sagittal 3D Accelerated MPRAGE,2017-10-24,116839,624240,922293,2.0,EMCI,76.87844000000001,Male
129,6104,52,sc,sc,ADNI3,135_S_6104,Original,ADNI Screening,3.0,Accelerated Sag IR-FSPGR,2017-11-08,117407,629806,928920,1.0,SMC,69.0,Male
130,4415,50,init,m66,ADNI3,130_S_4415,Original,ADNI3 Initial Visit-Cont Pt,3.0,Sagittal 3D Accelerated MPRAGE,2017-10-03,116144,617613,914489,3.0,EMCI,80.77009,Female
131,4294,50,init,m72,ADNI3,130_S_4294,Original,ADNI3 Initial Visit-Cont Pt,3.0,Sagittal 3D Accelerated MPRAGE,2017-10-31,117179,627588,926294,3.0,LMCI,81.04257,Female
132,4354,2,init,m66,ADNI3,003_S_4354,Original,ADNI3 Initial Visit-Cont Pt,3.0,Accelerated Sagittal MPRAGE,2017-06-13,112384,574597,863643,2.0,LMCI,81.10452000000001,Male
133,6111,50,sc,sc,ADNI3,130_S_6111,Original,ADNI Screening,3.0,Sagittal 3D Accelerated MPRAGE,2017-11-13,117621,631822,931215,1.0,SMC,82.6,Female
134,1074,2,init,m126,ADNI3,003_S_1074,Original,ADNI3 Initial Visit-Cont Pt,3.0,Accelerated Sagittal MPRAGE,2017-09-22,115967,615866,912458,3.0,LMCI,95.6229,Female
135,4210,47,init,m72,ADNI3,127_S_4210,Original,ADNI3 Initial Visit-Cont Pt,3.0,Accelerated Sagittal IR-FSPGR,2017-09-18,115371,609728,905324,2.0,LMCI,69.87673,Male
136,4785,25,init,m54,ADNI3,035_S_4785,Original,ADNI3 Initial Visit-Cont Pt,3.0,Accelerated Sagittal MPRAGE,2017-11-09,117659,632173,931698,1.0,SMC,71.07782,Female
137,6024,47,sc,sc,ADNI3,127_S_6024,Original,ADNI Screening,3.0,Accelerated Sagittal IR-FSPGR,2017-11-15,117650,632099,931614,1.0,SMC,67.4,Female
138,6110,52,sc,sc,ADNI3,135_S_6110,Original,ADNI Screening,3.0,Accelerated Sag IR-FSPGR,2017-11-15,117652,632112,931630,2.0,EMCI,71.6,Female
139,473,58,init,m138,ADNI3,068_S_0473,Original,ADNI3 Initial Visit-Cont Pt,3.0,Accelerated Sagittal MPRAGE,2017-11-15,117685,632432,932015,1.0,CN,84.05239999999999,Male
140,4184,33,init,m72,ADNI3,067_S_4184,Original,ADNI3 Initial Visit-Cont Pt,3.0,Accelerated Sagittal MPRAGE,2017-11-20,118207,637590,937909,1.0,EMCI,68.40541,Female
141,4212,33,init,m72,ADNI3,067_S_4212,Original,ADNI3 Initial Visit-Cont Pt,3.0,Accelerated Sagittal MPRAGE,2017-11-20,117924,635284,935270,1.0,EMCI,70.80541000000001,Male
142,2146,47,init,m84,ADNI3,099_S_2146,Original,ADNI3 Initial Visit-Cont Pt,3.0,Accelerated Sagittal IR-FSPGR,2017-10-06,116251,618495,915614,1.0,EMCI,73.18569,Male
143,6117,33,sc,sc,ADNI3,067_S_6117,Original,ADNI Screening,3.0,Accelerated Sagittal MPRAGE,2017-11-21,117933,635418,935436,1.0,SMC,65.4,Male
144,6116,55,sc,sc,ADNI3,141_S_6116,Original,ADNI Screening,3.0,Accelerated Sagittal MPRAGE,2017-11-19,118002,635865,935952,1.0,CN,69.6,Female
145,4513,28,init,m66,ADNI3,041_S_4513,Original,ADNI3 Initial Visit-Cont Pt,3.0,Accelerated Sagittal MPRAGE,2017-11-16,117680,632386,931962,1.0,EMCI,66.28652,Male
146,210,58,init,m138,ADNI3,068_S_0210,Original,ADNI3 Initial Visit-Cont Pt,3.0,Accelerated Sagittal MPRAGE,2017-11-29,118359,639180,939835,2.0,CN,84.129,Female
147,6115,27,sc,sc,ADNI3,037_S_6115,Original,ADNI Screening,3.0,Accelerated Sagittal MPRAGE,2017-11-30,118416,639842,940645,1.0,SMC,71.0,Female
148,6125,27,sc,sc,ADNI3,037_S_6125,Original,ADNI Screening,3.0,Accelerated Sagittal MPRAGE,2017-11-30,118418,639857,940663,2.0,LMCI,71.0,Female
149,5277,20,init,m48,ADNI3,027_S_5277,Original,ADNI3 Initial Visit-Cont Pt,3.0,Accelerated Sagittal IR-FSPGR,2017-11-30,118461,640258,941140,2.0,SMC,75.76441,Female
150,6136,28,sc,sc,ADNI3,041_S_6136,Original,ADNI Screening,3.0,Accelerated Sagittal MPRAGE,2017-12-08,118732,642911,944422,1.0,CN,61.1,Male
151,6144,27,sc,sc,ADNI3,037_S_6144,Original,ADNI Screening,3.0,Accelerated Sagittal MPRAGE,2017-12-12,118749,643094,944650,1.0,CN,65.0,Female
152,5228,47,init,m48,ADNI3,127_S_5228,Original,ADNI3 Initial Visit-Cont Pt,3.0,Accelerated Sagittal IR-FSPGR,2017-10-23,116707,623098,920989,1.0,SMC,82.01080999999999,Female
153,4604,47,init,m66,ADNI3,127_S_4604,Original,ADNI3 Initial Visit-Cont Pt,3.0,Accelerated Sagittal IR-FSPGR,2017-08-03,113680,590411,882274,1.0,CN,70.32238,Male
154,4301,47,init,m72,ADNI3,127_S_4301,Original,ADNI3 Initial Visit-Cont Pt,3.0,Accelerated Sagittal IR-FSPGR,2017-10-25,116879,624477,922614,2.0,EMCI,80.5384,Male
155,6142,58,sc,sc,ADNI3,168_S_6142,Original,ADNI Screening,3.0,Accelerated Sagittal MPRAGE,2017-12-18,118904,645034,946980,3.0,AD,86.1,Female
156,6151,58,sc,sc,ADNI3,168_S_6151,Original,ADNI Screening,3.0,Accelerated Sagittal MPRAGE,2017-12-19,118941,645502,947540,1.0,CN,65.1,Male
157,259,47,init,m138,ADNI3,127_S_0259,Original,ADNI3 Initial Visit-Cont Pt,3.0,Accelerated Sagittal IR-FSPGR,2017-09-21,115489,611479,907414,3.0,CN,82.08529999999999,Male
158,2333,55,init,m78,ADNI3,141_S_2333,Original,ADNI3 Initial Visit-Cont Pt,3.0,Accelerated Sagittal MPRAGE,2017-12-21,119073,647047,949429,2.0,EMCI,73.72142,Male
159,6159,28,sc,sc,ADNI3,041_S_6159,Original,ADNI Screening,3.0,Accelerated Sagittal MPRAGE,2018-01-03,119105,647403,949924,1.0,SMC,76.2,Male
160,4036,59,init,m78,ADNI3,941_S_4036,Original,ADNI3 Initial Visit-Cont Pt,3.0,Accelerated Sagittal MPRAGE,2017-11-27,118342,638803,939342,2.0,EMCI,80.39562,Male
161,6141,27,sc,sc,ADNI3,037_S_6141,Original,ADNI Screening,3.0,Accelerated Sagittal MPRAGE,2018-01-10,119246,649191,952046,2.0,LMCI,60.1,Female
162,6161,50,sc,sc,ADNI3,130_S_6161,Original,ADNI Screening,3.0,Sagittal 3D Accelerated MPRAGE,2018-01-03,119127,647760,950330,1.0,SMC,66.3,Female
163,5288,20,init,m48,ADNI3,027_S_5288,Original,ADNI3 Initial Visit-Cont Pt,3.0,Accelerated Sagittal IR-FSPGR,2018-01-17,119398,651778,955161,1.0,SMC,85.86167,Female
164,6131,58,sc,sc,ADNI3,168_S_6131,Original,ADNI Screening,3.0,Accelerated Sagittal MPRAGE,2018-01-08,119183,648469,951181,1.0,SMC,68.2,Female
165,6180,58,sc,sc,ADNI3,168_S_6180,Original,ADNI Screening,3.0,Accelerated Sagittal MPRAGE,2018-01-30,119632,654624,958678,2.0,LMCI,86.8,Male
166,4464,25,init,m72,ADNI3,035_S_4464,Original,ADNI3 Initial Visit-Cont Pt,3.0,Accelerated Sagittal MPRAGE,2018-02-01,119699,655486,959742,1.0,CN,76.27817,Male
167,6183,20,sc,sc,ADNI3,027_S_6183,Original,ADNI Screening,3.0,Accelerated Sagittal IR-FSPGR,2018-02-01,119679,655257,959453,1.0,CN,65.6,Male
168,6192,28,sc,sc,ADNI3,041_S_6192,Original,ADNI Screening,3.0,Accelerated Sagittal MPRAGE,2018-01-31,119694,655415,959645,1.0,CN,83.3,Female
169,6168,47,sc,sc,ADNI3,127_S_6168,Original,ADNI Screening,3.0,Accelerated Sagittal IR-FSPGR,2018-02-07,119813,657047,961594,1.0,SMC,76.0,Female
170,6178,55,sc,sc,ADNI3,141_S_6178,Original,ADNI Screening,3.0,Accelerated Sagittal MPRAGE,2018-02-08,119842,657258,961824,1.0,SMC,66.0,Female
171,6195,25,sc,sc,ADNI3,035_S_6195,Original,ADNI Screening,3.0,Accelerated Sagittal MPRAGE,2018-02-07,119808,656970,961497,1.0,CN,70.1,Female
172,5124,59,init,m54,ADNI3,941_S_5124,Original,ADNI3 Initial Visit-Cont Pt,3.0,Accelerated Sagittal MPRAGE,2018-01-26,119645,654833,958932,1.0,SMC,81.38446,Female
173,6147,47,sc,sc,ADNI3,127_S_6147,Original,ADNI Screening,3.0,Accelerated Sagittal IR-FSPGR,2018-02-13,120011,658857,963736,1.0,SMC,69.6,Male
174,6173,47,sc,sc,ADNI3,127_S_6173,Original,ADNI Screening,3.0,Accelerated Sagittal IR-FSPGR,2018-02-05,119812,657038,961583,1.0,SMC,70.4,Female
175,555,25,init,m132,ADNI3,035_S_0555,Original,ADNI3 Initial Visit-Cont Pt,3.0,Accelerated Sagittal MPRAGE,2018-02-01,120171,659816,964899,3.0,CN,88.1732,Male
176,4928,47,init,m60,ADNI3,127_S_4928,Original,ADNI3 Initial Visit-Cont Pt,3.0,Accelerated Sagittal IR-FSPGR,2017-08-28,114683,602386,896752,3.0,LMCI,82.68433,Male
177,6014,2,sc,sc,ADNI3,003_S_6014,Original,ADNI Screening,3.0,Accelerated Sagittal MPRAGE,2018-02-15,120181,659903,965015,1.0,CN,67.1,Male
178,6200,25,sc,sc,ADNI3,035_S_6200,Original,ADNI Screening,3.0,Accelerated Sagittal MPRAGE,2018-02-09,120173,659829,964917,1.0,SMC,72.3,Male
179,6233,58,sc,sc,ADNI3,168_S_6233,Original,ADNI Screening,3.0,Accelerated Sagittal MPRAGE,2018-02-26,120423,662438,968225,1.0,SMC,76.4,Female
180,908,2,init,m132,ADNI3,003_S_0908,Original,ADNI3 Initial Visit-Cont Pt,3.0,Accelerated Sagittal MPRAGE,2017-10-20,120553,663469,969412,2.0,LMCI,73.9226,Female
181,4288,2,init,m72,ADNI3,003_S_4288,Original,ADNI3 Initial Visit-Cont Pt,3.0,Accelerated Sagittal MPRAGE,2017-10-03,116185,618035,914999,1.0,CN,78.38364,Female
182,6204,27,sc,sc,ADNI3,037_S_6204,Original,ADNI Screening,3.0,Accelerated Sagittal MPRAGE,2018-03-09,120720,665435,971779,1.0,CN,65.3,Male
183,6256,2,sc,sc,ADNI3,003_S_6256,Original,ADNI Screening,3.0,Accelerated Sagittal MPRAGE,2018-03-13,120869,666705,973278,1.0,CN,66.4,Female
184,6258,2,sc,sc,ADNI3,003_S_6258,Original,ADNI Screening,3.0,Accelerated Sagittal MPRAGE,2018-03-13,120870,666717,973293,2.0,EMCI,79.8,Male
185,6240,55,sc,sc,ADNI3,141_S_6240,Original,ADNI Screening,3.0,Accelerated Sagittal MPRAGE_ND,2018-03-11,120951,667448,974282,1.0,CN,66.9,Male
186,6257,2,sc,sc,ADNI3,003_S_6257,Original,ADNI Screening,3.0,Accelerated Sagittal MPRAGE,2018-03-15,120962,667501,974338,1.0,SMC,62.0,Male
187,6253,55,sc,sc,ADNI3,141_S_6253,Original,ADNI Screening,3.0,Accelerated Sagittal MPRAGE_ND,2018-03-18,120986,667799,974718,1.0,SMC,66.4,Female
188,6187,27,sc,sc,ADNI3,037_S_6187,Original,ADNI Screening,3.0,Accelerated Sagittal MPRAGE,2018-03-14,120898,666905,973541,1.0,CN,74.3,Female
189,6203,47,sc,sc,ADNI3,127_S_6203,Original,ADNI Screening,3.0,Accelerated Sagittal IR-FSPGR,2018-03-22,121300,671264,978946,1.0,SMC,67.6,Female
190,56,33,init,m144,ADNI3,067_S_0056,Original,ADNI3 Initial Visit-Cont Pt,3.0,Accelerated Sagittal MPRAGE,2017-11-28,138071,843336,1189749,2.0,CN,81.5343,Female
191,59,33,init,m144,ADNI3,067_S_0059,Original,ADNI3 Initial Visit-Cont Pt,3.0,Accelerated Sagittal MPRAGE,2017-12-20,119030,646553,948808,2.0,CN,82.8726,Female
192,5097,28,init,m60,ADNI3,041_S_5097,Original,ADNI3 Initial Visit-Cont Pt,3.0,Accelerated Sagittal MPRAGE,2018-03-08,120714,665381,971712,1.0,SMC,72.32683,Male
193,6259,2,sc,sc,ADNI3,003_S_6259,Original,ADNI Screening,3.0,Accelerated Sagittal MPRAGE,2018-03-23,121182,670001,977365,1.0,SMC,71.4,Male
194,6232,47,sc,sc,ADNI3,127_S_6232,Original,ADNI Screening,3.0,Accelerated Sagittal IR-FSPGR,2018-03-30,121358,672272,980179,1.0,SMC,65.2,Female
195,1195,59,init,m132,ADNI3,941_S_1195,Original,ADNI3 Initial Visit-Cont Pt,3.0,Accelerated Sagittal MPRAGE,2018-04-05,121573,673996,982345,1.0,CN,87.99380000000001,Male
196,6226,28,sc,sc,ADNI3,041_S_6226,Original,ADNI Screening,3.0,Accelerated Sagittal MPRAGE,2018-03-29,121382,672440,980386,1.0,SMC,65.4,Female
197,2234,47,init,m84,ADNI3,127_S_2234,Original,ADNI3 Initial Visit-Cont Pt,3.0,Accelerated Sagittal IR-FSPGR,2018-01-17,119392,651733,955110,1.0,EMCI,70.71841,Female
198,6281,58,sc,sc,ADNI3,168_S_6281,Original,ADNI Screening,3.0,Accelerated Sagittal MPRAGE,2018-04-09,121656,675033,983641,1.0,SMC,79.8,Female
199,6285,58,sc,sc,ADNI3,168_S_6285,Original,ADNI Screening,3.0,Accelerated Sagittal MPRAGE,2018-04-17,121872,677110,986205,1.0,SMC,66.6,Female
200,6292,28,sc,sc,ADNI3,041_S_6292,Original,ADNI Screening,3.0,Accelerated Sagittal MPRAGE,2018-04-17,121921,677519,986709,1.0,CN,76.6,Male
201,6306,25,sc,sc,ADNI3,035_S_6306,Original,ADNI Screening,3.0,Accelerated Sagittal MPRAGE,2018-04-18,122102,679192,988748,1.0,SMC,73.2,Male
202,6314,28,sc,sc,ADNI3,041_S_6314,Original,ADNI Screening,3.0,Accelerated Sagittal MPRAGE,2018-04-24,122126,679478,989129,1.0,SMC,73.6,Male
203,6318,58,sc,sc,ADNI3,168_S_6318,Original,ADNI Screening,3.0,Accelerated Sagittal MPRAGE,2018-04-19,122037,678370,987768,1.0,CN,69.5,Female
204,6319,50,sc,sc,ADNI3,130_S_6319,Original,ADNI Screening,3.0,Sagittal 3D Accelerated MPRAGE,2018-04-27,122231,680325,990195,1.0,SMC,68.1,Male
205,6333,59,sc,sc,ADNI3,941_S_6333,Original,ADNI Screening,3.0,Accelerated Sagittal MPRAGE,2018-05-01,123419,691304,1004681,1.0,SMC,77.9,Male
206,6284,52,sc,sc,ADNI3,135_S_6284,Original,ADNI Screening,3.0,Accelerated Sag IR-FSPGR,2018-05-02,122331,681600,991768,3.0,AD,80.1,Male
207,6320,58,sc,sc,ADNI3,168_S_6320,Original,ADNI Screening,3.0,Accelerated Sagittal MPRAGE,2018-05-03,122399,682304,992584,1.0,CN,65.4,Female
208,6321,58,sc,sc,ADNI3,168_S_6321,Original,ADNI Screening,3.0,Accelerated Sagittal MPRAGE,2018-05-03,122400,682320,992613,1.0,SMC,72.8,Male
209,5154,2,init,m60,ADNI3,003_S_5154,Original,ADNI3 Initial Visit-Cont Pt,3.0,Accelerated Sagittal MPRAGE,2018-05-02,122398,682289,992566,1.0,SMC,77.29254,Female
210,6359,52,sc,sc,ADNI3,135_S_6359,Original,ADNI Screening,3.0,Accelerated Sag IR-FSPGR,2018-05-10,122565,684334,996107,1.0,CN,67.4,Female
211,6345,59,sc,sc,ADNI3,941_S_6345,Original,ADNI Screening,3.0,Accelerated Sagittal MPRAGE,2018-05-10,122590,684641,996464,2.0,EMCI,79.3,Male
212,6317,20,sc,sc,ADNI3,027_S_6317,Original,ADNI Screening,3.0,Accelerated Sagittal IR-FSPGR,2018-05-11,122606,684809,996683,1.0,SMC,81.3,Female
213,6327,20,sc,sc,ADNI3,027_S_6327,Original,ADNI Screening,3.0,Accelerated Sagittal IR-FSPGR,2018-05-14,122614,684905,996822,1.0,SMC,77.2,Female
214,6216,27,sc,sc,ADNI3,037_S_6216,Original,ADNI Screening,3.0,Accelerated Sagittal MPRAGE,2018-05-03,122401,682335,992628,3.0,AD,83.8,Male
215,6271,27,sc,sc,ADNI3,037_S_6271,Original,ADNI Screening,3.0,Accelerated Sagittal MPRAGE,2018-05-17,123018,686551,998806,1.0,SMC,62.0,Female
216,6350,58,sc,sc,ADNI3,168_S_6350,Original,ADNI Screening,3.0,Accelerated Sagittal MPRAGE,2018-05-14,122944,685484,997533,1.0,SMC,77.4,Female
217,6360,52,sc,sc,ADNI3,135_S_6360,Original,ADNI Screening,3.0,Accelerated Sag IR-FSPGR,2018-05-21,123112,687810,1000359,1.0,SMC,68.2,Male
218,6371,58,sc,sc,ADNI3,168_S_6371,Original,ADNI Screening,3.0,Accelerated Sagittal MPRAGE,2018-05-16,122992,686256,998437,1.0,SMC,66.7,Male
219,6372,50,sc,sc,ADNI3,130_S_6372,Original,ADNI Screening,3.0,Sagittal 3D Accelerated MPRAGE,2018-05-22,123172,688620,1001329,1.0,SMC,83.6,Male
220,6381,12,sc,sc,ADNI3,016_S_6381,Original,ADNI Screening,3.0,Accelerated Sagittal MPRAGE,2018-05-17,123128,688087,1000691,1.0,CN,73.3,Male
221,6260,2,sc,sc,ADNI3,003_S_6260,Original,ADNI Screening,3.0,Accelerated Sagittal MPRAGE,2018-05-22,123156,688417,1001084,1.0,SMC,69.0,Male
222,6354,28,sc,sc,ADNI3,041_S_6354,Original,ADNI Screening,3.0,Accelerated Sagittal MPRAGE,2018-05-24,123292,690180,1003294,1.0,CN,70.8,Female
223,6330,47,sc,sc,ADNI3,127_S_6330,Original,ADNI Screening,3.0,Accelerated Sagittal IR-FSPGR,2018-05-25,123335,690617,1003831,1.0,SMC,70.2,Male
224,6241,47,sc,sc,ADNI3,127_S_6241,Original,ADNI Screening,3.0,Accelerated Sagittal IR-FSPGR,2018-05-29,123343,690682,1003918,2.0,LMCI,72.2,Female
225,6389,52,sc,sc,ADNI3,135_S_6389,Original,ADNI Screening,3.0,Accelerated Sag IR-FSPGR,2018-05-29,123328,690538,1003730,3.0,AD,69.7,Male
226,6329,50,sc,sc,ADNI3,130_S_6329,Original,ADNI Screening,3.0,Sagittal 3D Accelerated MPRAGE,2018-05-17,123037,686768,999074,2.0,LMCI,62.0,Male
227,6384,59,sc,sc,ADNI3,941_S_6384,Original,ADNI Screening,3.0,Accelerated Sagittal MPRAGE,2018-05-30,123460,691655,1005122,1.0,CN,70.2,Male
228,6411,52,sc,sc,ADNI3,135_S_6411,Original,ADNI Screening,3.0,Accelerated Sag IR-FSPGR,2018-06-04,123473,691836,1005341,1.0,SMC,71.4,Male
229,6264,2,sc,sc,ADNI3,003_S_6264,Original,ADNI Screening,3.0,Accelerated Sagittal MPRAGE,2018-06-04,123504,692116,1005735,3.0,AD,55.3,Male
230,6222,27,sc,sc,ADNI3,037_S_6222,Original,ADNI Screening,3.0,Accelerated Sagittal MPRAGE,2018-05-30,123350,690719,1003961,2.0,EMCI,73.9,Female
231,6268,2,sc,sc,ADNI3,003_S_6268,Original,ADNI Screening,3.0,Accelerated Sagittal MPRAGE,2018-06-05,123511,692246,1005884,2.0,EMCI,69.6,Male
232,6138,33,sc,sc,ADNI3,067_S_6138,Original,ADNI Screening,3.0,Accelerated Sagittal MPRAGE,2018-06-08,123725,694118,1008180,1.0,SMC,68.9,Female
233,6361,50,sc,sc,ADNI3,130_S_6361,Original,ADNI Screening,3.0,Sagittal 3D Accelerated MPRAGE,2018-06-11,123771,694796,1009041,1.0,,78.0,Female
234,6422,59,sc,sc,ADNI3,941_S_6422,Original,ADNI Screening,3.0,Accelerated Sagittal MPRAGE,2018-06-13,123881,696186,1010650,1.0,SMC,65.9,Female
235,6443,33,sc,sc,ADNI3,067_S_6443,Original,ADNI Screening,3.0,Accelerated Sagittal MPRAGE,2018-06-15,123916,696646,1011216,1.0,CN,77.5,Female
236,6413,58,sc,sc,ADNI3,168_S_6413,Original,ADNI Screening,3.0,Accelerated Sagittal MPRAGE,2018-06-11,123745,694435,1008547,1.0,SMC,78.2,Female
237,6442,33,sc,sc,ADNI3,067_S_6442,Original,ADNI Screening,3.0,Accelerated Sagittal MPRAGE,2018-06-15,123915,696628,1011188,1.0,SMC,78.3,Male
238,6446,52,sc,sc,ADNI3,135_S_6446,Original,ADNI Screening,3.0,Accelerated Sag IR-FSPGR,2018-06-21,124039,698065,1012942,2.0,EMCI,61.5,Male
239,6307,2,sc,sc,ADNI3,003_S_6307,Original,ADNI Screening,3.0,Accelerated Sagittal MPRAGE,2018-06-19,124033,698034,1012896,1.0,SMC,76.3,Male
240,6390,50,sc,sc,ADNI3,130_S_6390,Original,ADNI Screening,3.0,Sagittal 3D Accelerated MPRAGE,2018-06-13,123830,695639,1010018,1.0,,68.9,Female
241,6391,50,sc,sc,ADNI3,130_S_6391,Original,ADNI Screening,3.0,Sagittal 3D Accelerated MPRAGE,2018-06-13,123885,696259,1010734,1.0,SMC,65.5,Female
242,6401,28,sc,sc,ADNI3,041_S_6401,Original,ADNI Screening,3.0,Accelerated Sagittal MPRAGE,2018-06-12,123758,694592,1008726,1.0,SMC,75.7,Male
243,6426,58,sc,sc,ADNI3,168_S_6426,Original,ADNI Screening,3.0,Accelerated Sagittal MPRAGE,2018-06-29,124182,700116,1015398,2.0,EMCI,79.5,Female
244,6454,59,sc,sc,ADNI3,941_S_6454,Original,ADNI Screening,3.0,Accelerated Sagittal MPRAGE,2018-06-27,124102,699034,1014117,1.0,CN,72.3,Female
245,6474,33,sc,sc,ADNI3,067_S_6474,Original,ADNI Screening,3.0,Accelerated Sagittal MPRAGE,2018-06-27,124134,699441,1014602,2.0,EMCI,73.8,Male
246,6432,2,sc,sc,ADNI3,003_S_6432,Original,ADNI Screening,3.0,Accelerated Sagittal MPRAGE,2018-06-27,124205,700497,1016012,2.0,EMCI,67.3,Female
247,6471,59,sc,sc,ADNI3,941_S_6471,Original,ADNI Screening,3.0,Accelerated Sagittal MPRAGE,2018-07-02,124212,700583,1016136,1.0,SMC,71.8,Male
248,6473,52,sc,sc,ADNI3,135_S_6473,Original,ADNI Screening,3.0,Accelerated Sag IR-FSPGR,2018-06-29,124197,700395,1015812,1.0,CN,66.1,Female
249,6467,58,sc,sc,ADNI3,168_S_6467,Original,ADNI Screening,3.0,Accelerated Sagittal MPRAGE,2018-07-05,124320,701461,1017238,2.0,LMCI,71.2,Female
250,6480,25,sc,sc,ADNI3,035_S_6480,Original,ADNI Screening,3.0,Accelerated Sagittal MPRAGE,2018-07-05,124375,702085,1017993,2.0,LMCI,79.9,Female
251,6370,20,sc,sc,ADNI3,027_S_6370,Original,ADNI Screening,3.0,Accelerated Sagittal IR-FSPGR,2018-07-06,124402,702343,1018303,2.0,LMCI,69.8,Female
252,6416,55,sc,sc,ADNI3,141_S_6416,Original,ADNI Screening,3.0,Accelerated Sagittal MPRAGE,2018-06-30,124386,702244,1018186,1.0,CN,69.2,Female
253,6488,25,sc,sc,ADNI3,035_S_6488,Original,ADNI Screening,3.0,Accelerated Sagittal MPRAGE,2018-07-06,124474,703137,1019265,1.0,CN,76.6,Female
254,6423,55,sc,sc,ADNI3,141_S_6423,Original,ADNI Screening,3.0,Accelerated Sagittal MPRAGE_ND,2018-06-28,124421,702420,1018391,1.0,CN,80.7,Male
255,6377,27,sc,sc,ADNI3,037_S_6377,Original,ADNI Screening,3.0,Accelerated Sagittal MPRAGE,2018-07-06,124359,701869,1017725,3.0,AD,81.6,Female
256,6495,59,sc,sc,ADNI3,941_S_6495,Original,ADNI Screening,3.0,Accelerated Sagittal MPRAGE,2018-07-17,124713,705363,1021968,1.0,SMC,83.3,Female
257,6496,59,sc,sc,ADNI3,941_S_6496,Original,ADNI Screening,3.0,Accelerated Sagittal MPRAGE,2018-07-17,124721,705437,1022057,1.0,SMC,84.6,Male
258,6436,47,sc,sc,ADNI3,127_S_6436,Original,ADNI Screening,3.0,Accelerated Sagittal IR-FSPGR,2018-07-16,124671,704956,1021435,1.0,SMC,69.8,Female
259,6509,52,sc,sc,ADNI3,135_S_6509,Original,ADNI Screening,3.0,Accelerated Sag IR-FSPGR,2018-07-16,124691,705179,1021751,1.0,CN,65.4,Male
260,6499,59,sc,sc,ADNI3,941_S_6499,Original,ADNI Screening,3.0,Accelerated Sagittal MPRAGE,2018-07-17,124840,706650,1023542,1.0,CN,69.5,Female
261,6510,52,sc,sc,ADNI3,135_S_6510,Original,ADNI Screening,3.0,Accelerated Sag IR-FSPGR,2018-07-19,124842,706677,1023583,1.0,SMC,66.9,Male
262,6514,59,sc,sc,ADNI3,941_S_6514,Original,ADNI Screening,3.0,Accelerated Sagittal MPRAGE,2018-07-24,125092,709616,1027315,1.0,SMC,74.1,Female
263,6348,47,sc,sc,ADNI3,127_S_6348,Original,ADNI Screening,3.0,Accelerated Sagittal IR-FSPGR,2018-07-26,125081,709511,1027175,1.0,CN,69.5,Female
264,6463,20,sc,sc,ADNI3,027_S_6463,Original,ADNI Screening,3.0,Accelerated Sagittal IR-FSPGR,2018-07-26,125030,709017,1026591,2.0,EMCI,83.1,Male
265,6357,47,sc,sc,ADNI3,127_S_6357,Original,ADNI Screening,3.0,Accelerated Sagittal IR-FSPGR,2018-07-23,124932,707782,1025037,1.0,SMC,67.7,Female
266,6492,58,sc,sc,ADNI3,168_S_6492,Original,ADNI Screening,3.0,Accelerated Sagittal MPRAGE,2018-08-06,125492,713177,1031685,1.0,CN,69.8,Female
267,6544,52,sc,sc,ADNI3,135_S_6544,Original,ADNI Screening,3.0,Accelerated Sag IR-FSPGR,2018-08-10,125641,714638,1033498,2.0,EMCI,77.3,Female
268,6433,47,sc,sc,ADNI3,127_S_6433,Original,ADNI Screening,3.0,Accelerated Sagittal IR-FSPGR,2018-08-01,125268,711667,1029798,3.0,AD,76.4,Male
269,6546,59,sc,sc,ADNI3,941_S_6546,Original,ADNI Screening,3.0,Accelerated Sagittal MPRAGE,2018-08-08,125772,715829,1034852,1.0,SMC,80.4,Female
270,6611,50,sc,sc,ADNI3,130_S_6611,Original,ADNI Screening,3.0,Sagittal 3D Accelerated MPRAGE,2018-10-22,127849,738606,1062918,2.0,LMCI,77.5,Male
271,6541,58,sc,sc,ADNI3,168_S_6541,Original,ADNI Screening,3.0,Accelerated Sagittal MPRAGE,2018-08-15,125902,716960,1036163,2.0,EMCI,81.9,Female
272,6551,25,sc,sc,ADNI3,035_S_6551,Original,ADNI Screening,3.0,Accelerated Sagittal MPRAGE,2018-08-15,126029,717903,1037228,1.0,CN,72.8,Female
273,4376,59,init,m78,ADNI3,941_S_4376,Original,ADNI3 Initial Visit-Cont Pt,3.0,Accelerated Sagittal MPRAGE,2018-08-15,126067,718162,1037531,1.0,CN,83.03799,Female
274,2304,33,init,m78,ADNI3,067_S_2304,Original,ADNI3 Initial Visit-Cont Pt,3.0,Accelerated Sagittal MPRAGE,2017-09-05,115035,606257,901163,2.0,EMCI,67.73395,Male
275,6529,33,sc,sc,ADNI3,067_S_6529,Original,ADNI Screening,3.0,Accelerated Sagittal MPRAGE,2018-08-14,126107,718742,1038250,2.0,LMCI,60.3,Female
276,6516,20,sc,sc,ADNI3,027_S_6516,Original,ADNI Screening,3.0,Accelerated Sagittal IR-FSPGR,2018-08-16,126037,717965,1037308,1.0,SMC,76.2,Male
277,6545,52,sc,sc,ADNI3,135_S_6545,Original,ADNI Screening,3.0,Accelerated Sag IR-FSPGR,2018-08-21,126204,719967,1039632,3.0,AD,61.4,Female
278,4902,12,init,m72,ADNI3,016_S_4902,Original,ADNI3 Initial Visit-Cont Pt,3.0,Accelerated Sagittal MPRAGE,2018-07-16,124852,706787,1023727,3.0,LMCI,81.14256999999999,Female
279,6512,47,sc,sc,ADNI3,127_S_6512,Original,ADNI Screening,3.0,Accelerated Sagittal IR-FSPGR,2018-08-24,126427,722196,1042262,2.0,LMCI,78.2,Male
280,6570,59,sc,sc,ADNI3,941_S_6570,Original,ADNI Screening,3.0,Accelerated Sagittal MPRAGE,2018-08-31,126603,723995,1044538,1.0,CN,71.2,Male
281,6518,33,sc,sc,ADNI3,067_S_6518,Original,ADNI Screening,3.0,Accelerated Sagittal MPRAGE,2018-08-09,125901,716929,1036122,1.0,SMC,65.7,Female
282,6528,33,sc,sc,ADNI3,067_S_6528,Original,ADNI Screening,3.0,Accelerated Sagittal MPRAGE,2018-08-08,125617,714456,1033265,1.0,CN,65.1,Female
283,6575,59,sc,sc,ADNI3,941_S_6575,Original,ADNI Screening,3.0,Accelerated Sagittal MPRAGE,2018-09-05,126712,725107,1045984,1.0,CN,73.5,Male
284,4198,47,init,m72,ADNI3,127_S_4198,Original,ADNI3 Initial Visit-Cont Pt,3.0,Accelerated Sagittal IR-FSPGR,2017-10-02,116108,617282,914039,2.0,CN,84.42601,Female
285,6580,59,sc,sc,ADNI3,941_S_6580,Original,ADNI Screening,3.0,Accelerated Sagittal MPRAGE,2018-09-07,126774,725681,1046736,1.0,SMC,79.9,Female
286,6574,59,sc,sc,ADNI3,941_S_6574,Original,ADNI Screening,3.0,Accelerated Sagittal MPRAGE,2018-09-07,126786,725816,1046901,1.0,CN,73.5,Female
287,6581,59,sc,sc,ADNI3,941_S_6581,Original,ADNI Screening,3.0,Accelerated Sagittal MPRAGE,2018-09-12,126882,727038,1048378,1.0,SMC,74.4,Female
288,6577,20,sc,sc,ADNI3,027_S_6577,Original,ADNI Screening,3.0,Accelerated Sagittal IR-FSPGR,2018-09-20,127012,728755,1050410,1.0,CN,66.8,Male
289,6586,52,sc,sc,ADNI3,135_S_6586,Original,ADNI Screening,3.0,Accelerated Sag IR-FSPGR,2018-09-19,126961,728142,1049755,2.0,LMCI,78.5,Male
290,6549,47,sc,sc,ADNI3,127_S_6549,Original,ADNI Screening,3.0,Accelerated Sagittal IR-FSPGR,2018-10-03,128768,747765,1073644,3.0,AD,66.1,Male
291,6591,58,sc,sc,ADNI3,168_S_6591,Original,ADNI Screening,3.0,Accelerated Sagittal MPRAGE,2018-10-01,127257,732069,1054570,2.0,EMCI,76.7,Female
292,6582,20,sc,sc,ADNI3,027_S_6582,Original,ADNI Screening,3.0,Accelerated Sagittal IR-FSPGR,2018-10-09,127507,734730,1057804,1.0,CN,67.1,Male
293,4197,47,init,m72,ADNI3,127_S_4197,Original,ADNI3 Initial Visit-Cont Pt,3.0,Accelerated Sagittal IR-FSPGR,2017-09-15,115256,608538,903950,3.0,LMCI,85.35613,Male
294,6447,28,sc,sc,ADNI3,041_S_6447,Original,ADNI Screening,3.0,Accelerated Sagittal MPRAGE,2018-09-11,126842,726646,1047860,1.0,SMC,71.0,Female
295,6604,50,sc,sc,ADNI3,130_S_6604,Original,ADNI Screening,3.0,Sagittal 3D Accelerated MPRAGE,2018-10-12,127635,736371,1059993,2.0,EMCI,85.3,Male
296,6612,50,sc,sc,ADNI3,130_S_6612,Original,ADNI Screening,3.0,Sagittal 3D Accelerated MPRAGE,2018-10-24,127916,739417,1063903,2.0,LMCI,67.9,Female
297,6619,58,sc,sc,ADNI3,168_S_6619,Original,ADNI Screening,3.0,Accelerated Sagittal MPRAGE,2018-11-05,128455,744691,1069896,2.0,LMCI,71.9,Male
298,6622,52,sc,sc,ADNI3,135_S_6622,Original,ADNI Screening,3.0,Accelerated Sag IR-FSPGR,2018-11-02,128336,743389,1068508,2.0,EMCI,76.8,Male
299,6606,2,sc,sc,ADNI3,003_S_6606,Original,ADNI Screening,3.0,Accelerated Sagittal MPRAGE,2018-11-08,128602,746255,1071822,2.0,LMCI,73.6,Female
300,6589,55,sc,sc,ADNI3,141_S_6589,Original,ADNI Screening,3.0,Accelerated Sagittal MPRAGE,2018-11-07,128702,747017,1072748,1.0,CN,66.9,Female
301,6627,27,sc,sc,ADNI3,037_S_6627,Original,ADNI Screening,3.0,Accelerated Sagittal MPRAGE,2018-11-30,129411,753256,1080124,2.0,,67.7,Female
302,6634,58,sc,sc,ADNI3,168_S_6634,Original,ADNI Screening,3.0,Accelerated Sagittal MPRAGE,2018-11-27,129504,754143,1081492,2.0,LMCI,80.3,Female
303,6644,2,sc,sc,ADNI3,003_S_6644,Original,ADNI Screening,3.0,Accelerated Sagittal MPRAGE,2018-12-04,129648,755402,1083042,1.0,SMC,86.1,Male
304,4645,47,init,m72,ADNI3,127_S_4645,Original,ADNI3 Initial Visit-Cont Pt,3.0,Accelerated Sagittal IR-FSPGR,2018-06-12,123736,694315,1008408,1.0,CN,82.44921,Female
305,6641,25,sc,sc,ADNI3,035_S_6641,Original,ADNI Screening,3.0,Accelerated Sagittal MPRAGE,2018-12-21,131133,769594,1099219,2.0,LMCI,64.9,Male
306,6640,20,sc,sc,ADNI3,027_S_6640,Original,ADNI Screening,3.0,Accelerated Sagittal IR-FSPGR,2018-12-26,131250,770770,1100512,2.0,LMCI,83.1,Male
307,6643,20,sc,sc,ADNI3,027_S_6643,Original,ADNI Screening,3.0,Accelerated Sagittal IR-FSPGR,2018-12-26,131251,770783,1100527,2.0,LMCI,56.4,Male
308,6648,20,sc,sc,ADNI3,027_S_6648,Original,ADNI Screening,3.0,Accelerated Sagittal IR-FSPGR,2019-01-02,131883,777830,1108061,3.0,AD,73.4,Male
309,6660,25,sc,sc,ADNI3,035_S_6660,Original,ADNI Screening,3.0,Accelerated Sagittal MPRAGE,2019-02-04,133833,796013,1129455,3.0,AD,84.9,Female
310,6688,50,sc,sc,ADNI3,130_S_6688,Original,ADNI Screening,3.0,Sagittal 3D Accelerated MPRAGE,2019-02-12,133857,796265,1129765,2.0,LMCI,78.5,Male
311,6687,52,sc,sc,ADNI3,135_S_6687,Original,ADNI Screening,3.0,Accelerated Sag IR-FSPGR,2019-03-05,134770,806442,1142635,3.0,AD,80.2,Female
312,6703,52,sc,sc,ADNI3,135_S_6703,Original,ADNI Screening,3.0,Accelerated Sag IR-FSPGR,2019-03-26,135087,810308,1147712,2.0,LMCI,62.7,Female
313,6708,12,sc,sc,ADNI3,016_S_6708,Original,ADNI Screening,3.0,Accelerated Sagittal MPRAGE,2019-03-26,135287,812850,1151022,3.0,AD,56.0,Male
314,6722,25,sc,sc,ADNI3,035_S_6722,Original,ADNI Screening,3.0,Accelerated Sagittal MPRAGE,2019-04-25,135958,819125,1159023,1.0,SMC,80.7,Female
315,6254,59,sc,sc,ADNI3,941_S_6254,Original,ADNI Screening,3.0,Accelerated Sagittal MPRAGE,2019-05-15,136767,828320,1170562,1.0,SMC,68.7,Male
316,6733,20,sc,sc,ADNI3,027_S_6733,Original,ADNI Screening,3.0,Accelerated Sagittal IR-FSPGR,2019-06-03,136836,828877,1171240,3.0,AD,75.6,Male
317,6525,33,sc,sc,ADNI3,067_S_6525,Original,ADNI Screening,3.0,Accelerated Sagittal MPRAGE,2019-06-05,136991,830894,1173877,2.0,EMCI,62.2,Female
318,6739,25,sc,sc,ADNI3,035_S_6739,Original,ADNI Screening,3.0,Accelerated Sagittal MPRAGE,2019-06-06,137030,831307,1174356,1.0,SMC,68.1,Female
319,6730,25,sc,sc,ADNI3,035_S_6730,Original,ADNI Screening,3.0,Accelerated Sagittal MPRAGE,2019-06-18,137239,833186,1176653,1.0,SMC,73.9,Male
320,6735,58,sc,sc,ADNI3,168_S_6735,Original,ADNI Screening,3.0,Accelerated Sagittal MPRAGE,2019-06-07,137125,832131,1175362,3.0,AD,79.3,Female
321,6731,28,sc,sc,ADNI3,041_S_6731,Original,ADNI Screening,3.0,Accelerated Sagittal MPRAGE,2019-05-28,137347,834120,1177870,2.0,EMCI,66.8,Female
322,6751,25,sc,sc,ADNI3,035_S_6751,Original,ADNI Screening,3.0,Accelerated Sagittal MPRAGE,2019-06-27,137649,838130,1182968,1.0,SMC,67.7,Female
323,6771,12,sc,sc,ADNI3,016_S_6771,Original,ADNI Screening,3.0,Accelerated Sagittal MPRAGE,2019-07-17,138085,843476,1189921,2.0,EMCI,66.8,Male
324,6754,58,sc,sc,ADNI3,168_S_6754,Original,ADNI Screening,3.0,Accelerated Sagittal MPRAGE,2019-06-27,137578,837147,1181679,3.0,AD,77.9,Male
325,6773,12,sc,sc,ADNI3,016_S_6773,Original,ADNI Screening,3.0,Accelerated Sagittal MPRAGE,2019-07-31,138323,846873,1194377,1.0,CN,55.1,Female
326,6789,12,sc,sc,ADNI3,016_S_6789,Original,ADNI Screening,3.0,Accelerated Sagittal MPRAGE,2019-07-29,138292,846384,1193744,2.0,EMCI,78.9,Female
327,6790,12,sc,sc,ADNI3,016_S_6790,Original,ADNI Screening,3.0,Accelerated Sagittal MPRAGE,2019-07-29,138318,846805,1194293,1.0,EMCI,78.4,Male
328,6788,20,sc,sc,ADNI3,027_S_6788,Original,ADNI Screening,3.0,Accelerated Sagittal IR-FSPGR,2019-08-05,138377,847425,1195110,2.0,LMCI,69.7,Male
329,6802,12,sc,sc,ADNI3,016_S_6802,Original,ADNI Screening,3.0,Accelerated Sagittal MPRAGE,2019-08-21,147379,901121,1261605,1.0,CN,63.3,Female
330,6785,28,sc,sc,ADNI3,041_S_6785,Original,ADNI Screening,3.0,Accelerated Sagittal MPRAGE,2019-08-27,141895,867412,1219607,1.0,SMC,65.0,Female
331,6800,12,sc,sc,ADNI3,016_S_6800,Original,ADNI Screening,3.0,Accelerated Sagittal MPRAGE,2019-08-19,142493,870578,1223374,2.0,LMCI,87.5,Female
332,6786,28,sc,sc,ADNI3,041_S_6786,Original,ADNI Screening,3.0,Accelerated Sagittal MPRAGE,2019-08-27,141901,867473,1219675,1.0,SMC,87.4,Female
333,6816,12,sc,sc,ADNI3,016_S_6816,Original,ADNI Screening,3.0,Accelerated Sagittal MPRAGE,2019-09-17,147066,897443,1256831,2.0,EMCI,75.0,Female
334,6803,59,sc,sc,ADNI3,941_S_6803,Original,ADNI Screening,3.0,Accelerated Sagittal MPRAGE,2019-09-16,152032,940992,1310783,2.0,LMCI,75.0,Female
335,6801,28,sc,sc,ADNI3,041_S_6801,Original,ADNI Screening,3.0,Accelerated Sagittal MPRAGE,2019-09-17,142839,874170,1227908,1.0,SMC,61.0,Female
336,6809,12,sc,sc,ADNI3,016_S_6809,Original,ADNI Screening,3.0,Accelerated Sagittal MPRAGE,2019-09-06,143335,880297,1236011,2.0,LMCI,75.8,Male
337,6823,50,sc,sc,ADNI3,130_S_6823,Original,ADNI Screening,3.0,Sagittal 3D Accelerated MPRAGE,2019-10-01,143310,879890,1235413,2.0,EMCI,73.5,Male
338,6817,58,sc,sc,ADNI3,168_S_6817,Original,ADNI Screening,3.0,Accelerated Sagittal MPRAGE_MPR_Cor,2019-10-03,143358,880494,1236271,2.0,LMCI,66.1,Male
339,6828,58,sc,sc,ADNI3,168_S_6828,Original,ADNI Screening,3.0,Accelerated Sagittal MPRAGE_MPR_Cor,2019-10-14,143617,883941,1240484,3.0,AD,81.3,Male
340,6821,58,sc,sc,ADNI3,168_S_6821,Original,ADNI Screening,3.0,Accelerated Sagittal MPRAGE_MPR_Cor,2019-10-23,143881,887230,1244552,2.0,EMCI,71.7,Female
341,6833,2,sc,sc,ADNI3,003_S_6833,Original,ADNI Screening,3.0,Accelerated Sagittal MPRAGE,2019-11-07,146838,895543,1254307,3.0,AD,87.1,Female
342,5057,12,init,m78,ADNI3,016_S_5057,Original,ADNI3 Initial Visit-Cont Pt,3.0,Accelerated Sagittal MPRAGE,2019-07-17,138094,843596,1190066,3.0,AD,81.48611,Male
343,6834,12,sc,sc,ADNI3,016_S_6834,Original,ADNI Screening,3.0,Accelerated Sagittal MPRAGE,2019-11-11,147065,897429,1256802,1.0,SMC,82.3,Female
344,6840,52,sc,sc,ADNI3,135_S_6840,Original,ADNI Screening,3.0,Accelerated Sag IR-FSPGR,2019-12-05,147539,902591,1263423,3.0,AD,68.6,Female
345,6839,12,sc,sc,ADNI3,016_S_6839,Original,ADNI Screening,3.0,Accelerated Sagittal MPRAGE,2019-12-03,147523,902460,1263249,3.0,AD,70.3,Female
346,6843,58,sc,sc,ADNI3,168_S_6843,Original,ADNI Screening,3.0,Accelerated Sagittal MPRAGE_MPR_Cor,2020-01-14,148516,911953,1275417,3.0,AD,68.2,Female
347,6842,20,sc,sc,ADNI3,027_S_6842,Original,ADNI Screening,3.0,Accelerated Sagittal IR-FSPGR,2020-01-31,149264,918660,1283866,2.0,EMCI,72.2,Female
348,6853,12,sc,sc,ADNI3,016_S_6853,Original,ADNI Screening,3.0,Accelerated Sagittal MPRAGE,2020-02-04,149345,919730,1285276,1.0,,67.0,Female
349,6849,20,sc,sc,ADNI3,027_S_6849,Original,ADNI Screening,3.0,Accelerated Sagittal IR-FSPGR,2020-02-10,149515,921159,1287075,3.0,AD,78.4,Male
350,6854,59,sc,sc,ADNI3,941_S_6854,Original,ADNI Screening,3.0,Accelerated Sagittal MPRAGE,2020-02-14,149781,924969,1291638,3.0,AD,86.2,Male
351,6860,58,sc,sc,ADNI3,168_S_6860,Original,ADNI Screening,3.0,Accelerated Sagittal MPRAGE,2020-03-05,150467,931639,1300003,2.0,EMCI,74.7,Male
352,6875,58,sc,sc,ADNI3,168_S_6875,Original,ADNI Screening,3.0,Accelerated Sagittal MPRAGE_MPR_Tra,2020-06-29,153574,948302,1319219,2.0,EMCI,73.3,Male
353,6873,58,sc,sc,ADNI3,168_S_6873,Original,ADNI Screening,3.0,Accelerated Sagittal MPRAGE_MPR_Tra,2020-06-17,153444,947494,1318204,2.0,EMCI,72.1,Male
354,6874,58,sc,sc,ADNI3,168_S_6874,Original,ADNI Screening,3.0,Accelerated Sagittal MPRAGE_MPR_Cor,2020-06-22,153535,948073,1318868,2.0,EMCI,76.5,Female
355,6872,55,sc,sc,ADNI3,141_S_6872,Original,ADNI Screening,3.0,Accelerated Sagittal MPRAGE_ND,2020-07-23,153826,949609,1324201,1.0,SMC,66.2,Female
356,6908,58,sc,sc,ADNI3,168_S_6908,Original,ADNI Screening,3.0,Accelerated Sagittal MPRAGE_MPR_Tra,2021-03-01,162958,1003341,1416083,2.0,EMCI,89.1,Female
357,6915,2,sc,sc,ADNI3,003_S_6915,Original,ADNI Screening,3.0,Accelerated Sagittal MPRAGE,2021-03-19,163665,1008716,1423364,1.0,SMC,63.2,Female
358,6924,2,sc,sc,ADNI3,003_S_6924,Original,ADNI Screening,3.0,Accelerated Sagittal MPRAGE,2021-03-30,164052,1011445,1427086,1.0,CN,60.2,Female
359,6921,58,sc,sc,ADNI3,168_S_6921,Original,ADNI Screening,3.0,Accelerated Sagittal MPRAGE_MPR_Tra,2021-04-06,164174,1012724,1428764,3.0,AD,76.5,Male
360,6912,33,sc,sc,ADNI3,067_S_6912,Original,ADNI Screening,3.0,Accelerated Sagittal MPRAGE,2021-04-15,164620,1016553,1433667,2.0,,60.3,Female
361,6931,12,sc,sc,ADNI3,016_S_6931,Original,ADNI Screening,3.0,Accelerated Sagittal MPRAGE,2021-04-16,164788,1018067,1435744,1.0,SMC,72.7,Male
362,6926,12,sc,sc,ADNI3,016_S_6926,Original,ADNI Screening,3.0,Accelerated Sagittal MPRAGE,2021-04-05,164278,1013391,1429648,2.0,,78.4,Female
363,6939,12,sc,sc,ADNI3,016_S_6939,Original,ADNI Screening,3.0,Accelerated Sagittal MPRAGE,2021-05-06,165450,1024854,1444291,2.0,,73.5,Male
364,6941,12,sc,sc,ADNI3,016_S_6941,Original,ADNI Screening,3.0,Accelerated Sagittal MPRAGE,2021-05-20,165578,1026377,1446304,1.0,SMC,62.2,Male
365,6943,12,sc,sc,ADNI3,016_S_6943,Original,ADNI Screening,3.0,Accelerated Sagittal MPRAGE,2021-05-10,165550,1026010,1445758,1.0,CN,75.2,Male
366,6947,25,sc,sc,ADNI3,035_S_6947,Original,ADNI Screening,3.0,Accelerated Sagittal MPRAGE Phase A-P,2021-05-20,165755,1027980,1448196,2.0,EMCI,74.7,Female
367,6954,2,sc,sc,ADNI3,003_S_6954,Original,ADNI Screening,3.0,Accelerated Sagittal MPRAGE,2021-05-26,165786,1028284,1448643,2.0,LMCI,62.9,Female
368,6948,25,sc,sc,ADNI3,035_S_6948,Original,ADNI Screening,3.0,Accelerated Sagittal MPRAGE Phase A-P,2021-05-21,166019,1030036,1451030,1.0,SMC,69.7,Male
369,6950,25,sc,sc,ADNI3,035_S_6950,Original,ADNI Screening,3.0,Accelerated Sagittal MPRAGE Phase A-P,2021-05-27,165846,1028885,1449497,1.0,CN,74.8,Female
370,6959,2,sc,sc,ADNI3,003_S_6959,Original,ADNI Screening,3.0,Accelerated Sagittal MPRAGE,2021-06-16,166462,1034423,1456305,1.0,CN,64.6,Male
371,6961,20,sc,sc,ADNI3,027_S_6961,Original,ADNI Screening,3.0,Accelerated Sagittal IR-FSPGR,2021-06-15,166437,1034232,1456084,2.0,EMCI,61.9,Female
372,6971,12,sc,sc,ADNI3,016_S_6971,Original,ADNI Screening,3.0,Accelerated Sagittal MPRAGE,2021-06-18,166622,1035971,1458511,1.0,,72.6,Male
373,6964,55,sc,sc,ADNI3,141_S_6964,Original,ADNI Screening,3.0,Accelerated Sagittal MPRAGE_ND,2021-06-23,167513,1042165,1466185,2.0,LMCI,78.1,Female
374,6965,20,sc,sc,ADNI3,027_S_6965,Original,ADNI Screening,3.0,Accelerated Sagittal IR-FSPGR,2021-06-25,166899,1038150,1461297,3.0,AD,77.0,Male
375,6956,27,sc,sc,ADNI3,037_S_6956,Original,ADNI Screening,3.0,Accelerated Sagittal MPRAGE,2021-07-01,167114,1039248,1462576,1.0,SMC,65.2,Male
376,6962,59,sc,sc,ADNI3,941_S_6962,Original,ADNI Screening,3.0,Accelerated Sagittal MPRAGE,2021-07-13,167671,1042909,1467526,3.0,AD,74.6,Female
377,6957,33,sc,sc,ADNI3,067_S_6957,Original,ADNI Screening,3.0,Accelerated Sagittal MPRAGE,2021-07-16,168000,1044933,1469940,1.0,SMC,77.9,Male
378,6958,33,sc,sc,ADNI3,067_S_6958,Original,ADNI Screening,3.0,Accelerated Sagittal MPRAGE,2021-07-16,168022,1045080,1470151,1.0,CN,75.9,Female
379,6963,27,sc,sc,ADNI3,037_S_6963,Original,ADNI Screening,3.0,Accelerated Sagittal MPRAGE,2021-08-09,169330,1051924,1478584,1.0,SMC,57.4,Female
380,6974,27,sc,sc,ADNI3,037_S_6974,Original,ADNI Screening,3.0,Accelerated Sagittal MPRAGE,2021-08-10,169358,1052089,1478784,1.0,SMC,80.7,Female
381,6977,27,sc,sc,ADNI3,037_S_6977,Original,ADNI Screening,3.0,Accelerated Sagittal MPRAGE,2021-08-10,169356,1052077,1478765,1.0,SMC,56.8,Female
382,6996,2,sc,sc,ADNI3,003_S_6996,Original,ADNI Screening,3.0,Accelerated Sagittal MPRAGE,2021-08-23,170117,1056122,1483860,1.0,SMC,64.6,Female
383,6998,59,sc,sc,ADNI3,941_S_6998,Original,ADNI Screening,3.0,Accelerated Sagittal MPRAGE,2021-08-30,170538,1058076,1486321,1.0,CN,57.1,Male
384,6986,33,sc,sc,ADNI3,067_S_6986,Original,ADNI Screening,3.0,Accelerated Sagittal MPRAGE,2021-08-20,170255,1056749,1484638,2.0,LMCI,62.1,Female
385,7000,25,sc,sc,ADNI3,035_S_7000,Original,ADNI Screening,3.0,Accelerated Sagittal MPRAGE Phase A-P,2021-09-07,171143,1060617,1489503,2.0,LMCI,89.5,Female
386,6951,27,sc,sc,ADNI3,037_S_6951,Original,ADNI Screening,3.0,Accelerated Sagittal MPRAGE,2021-09-07,171041,1060015,1488791,1.0,,54.8,Female
387,6993,27,sc,sc,ADNI3,037_S_6993,Original,ADNI Screening,3.0,Accelerated Sagittal MPRAGE,2021-09-10,171257,1061081,1490106,1.0,CN,57.7,Male
388,6999,25,sc,sc,ADNI3,035_S_6999,Original,ADNI Screening,3.0,Accelerated Sagittal MPRAGE Phase A-P,2021-09-14,171562,1062748,1492110,1.0,SMC,70.0,Male
389,7003,52,sc,sc,ADNI3,135_S_7003,Original,ADNI Screening,3.0,Accelerated Sag IR-FSPGR,2021-09-20,171894,1064423,1494217,3.0,AD,82.0,Female
390,6995,27,sc,sc,ADNI3,037_S_6995,Original,ADNI Screening,3.0,Accelerated Sagittal MPRAGE,2021-09-22,171936,1064781,1494601,1.0,CN,58.6,Female
391,7010,2,sc,sc,ADNI3,003_S_7010,Original,ADNI Screening,3.0,Accelerated Sagittal MPRAGE,2021-09-23,172199,1065803,1495816,1.0,SMC,59.3,Male
392,7007,20,sc,sc,ADNI3,027_S_7007,Original,ADNI Screening,3.0,Accelerated Sagittal IR-FSPGR,2021-09-29,172711,1068461,1498938,2.0,LMCI,71.9,Female
393,7008,33,sc,sc,ADNI3,067_S_7008,Original,ADNI Screening,3.0,Accelerated Sagittal MPRAGE,2021-10-06,173155,1070155,1501139,2.0,LMCI,73.5,Female
394,7020,33,sc,sc,ADNI3,067_S_7020,Original,ADNI Screening,3.0,Accelerated Sagittal MPRAGE,2021-10-22,174415,1075307,1507787,2.0,LMCI,67.1,Male
395,7001,25,sc,sc,ADNI3,035_S_7001,Original,ADNI Screening,3.0,Accelerated Sagittal MPRAGE Phase A-P,2021-10-21,175742,1077098,1509946,3.0,AD,69.9,Male
396,7013,55,sc,sc,ADNI3,141_S_7013,Original,ADNI Screening,3.0,Accelerated Sagittal MPRAGE,2021-10-28,175939,1077377,1510290,2.0,EMCI,82.1,Female
397,7011,27,sc,sc,ADNI3,037_S_7011,Original,ADNI Screening,3.0,Accelerated Sagittal MPRAGE,2021-11-11,180154,1080960,1514753,1.0,SMC,50.4,Female
